source,target,label
コンピュータネットワーク特論,IoT技術特論,recommended
高機能オペレーティングシステム,オペレーティングシステム特論,exclusive
情報解析学特論,コンピュータネットワーク特論,recommended
ネットワーク設計演習,コンピュータネットワーク特論,recommended
情報解析学特論,システム制御理論,related
離散信号処理特論,システム制御理論,related
微分積分,システム制御理論,equivalent
線形代数,システム制御理論,equivalent
オペレーティングシステム特論,スマート組込みシステム開発演習,related
オペレーティングシステム特論,スマート組込みシステム開発演習,required
数理論理学,ソフトウェア検証論,equivalent
微分積分,ダイナミクスのモデリング,equivalent
線形代数,ダイナミクスのモデリング,equivalent
アルゴリズムとデータ構造,プログラミング基礎,related
デジタル論理と計算機構成,プロセッサ設計演習,related
計算機アーキテクチャ特論,プロセッサ設計演習,related
デジタル論理と計算機構成,プロセッサ設計演習,equivalent
計算機アーキテクチャ特論,プロセッサ設計演習,equivalent
計算機アーキテクチャ特論,並列処理,required
線形代数,公開鍵暗号理論,recommended
数理論理学,形式言語とオートマトン,related
ソフトウェア検証論,形式言語とオートマトン,related
基礎論理数学,形式言語とオートマトン,equivalent
基礎情報数学,情報解析学特論,related
基礎情報数学,情報解析学特論,recommended
関数プログラミング,数理論理学,related
形式言語とオートマトン,数理論理学,related
基礎論理数学,数理論理学,equivalent
情報解析学特論,画像情報処理特論,related
離散信号処理特論,画像情報処理特論,related
情報解析学特論,画像情報処理特論,equivalent
離散信号処理特論,画像情報処理特論,equivalent
基礎情報数学,統計的信号処理特論,related
データ分析のための情報統計学,統計的信号処理特論,related
情報解析学特論,統計的信号処理特論,related
離散信号処理特論,統計的信号処理特論,related
基礎情報数学,統計的信号処理特論,equivalent
データ分析のための情報統計学,統計的信号処理特論,equivalent
デジタル論理と計算機構成,計算機アーキテクチャ特論,recommended
アルゴリズムとデータ構造,関数プログラミング,related
基礎情報数学,離散信号処理特論,related
情報解析学特論,離散信号処理特論,related
微分積分,離散信号処理特論,equivalent
線形代数,離散信号処理特論,equivalent
情報解析学特論,音声情報処理特論,required
離散信号処理特論,音声情報処理特論,required
統計的信号処理特論,音声情報処理特論,required
オペレーティングシステム特論,高機能オペレーティングシステム,related
オペレーティングシステム特論,高機能オペレーティングシステム,equivalent
コンピュータネットワーク特論,高機能コンピュータネットワーク,recommended
オペレーティングシステム特論,高機能コンピュータネットワーク,recommended
